"","air_acceleration_rank","Character","air_acceleration_base","air_acceleration_additional","air_acceleration_max","air_speed_rank","Air speed","backward_roll_rank","backward_roll_start_up","Intangible Until.x","backward_roll_total","backward_roll_note","Initial Dash","Run Speed","Dash Frames","Pivot Dash Frames","Fast (Initial Dash)","Normal (Buffer Window)","Slow (Full Dash)","fall_speed_rank","Regular Fall","Fast Fall","% Increase","forward_roll_rank","forward_roll_start_up","Intangible Until.y","forward_roll_total","forward_roll_Notes","Grab Range","Gravity","Short Hop.x","Full Hop.x","SH Fast Fall","FH Fast Fall","Full Hop.y","Short Hop.y","Air Jump","Hard Land","Soft Land (Universal)","Attack Range","Attack Frames","Neutral Getup","ledge_roll","ledge_jump","na_dodge_rank","na_dodge_startup","Intangible Until","na_dodge_total","na_dodge_notes","#1","Fastest Move(s)","#2","2nd Fastest Move(s)","#3","3rd Fastest Move(s)","Grab","Grab, Post-Shieldstun","Item Throw(Forward)","Item Throw(Back)","Jump+Z-Drop (Front)","Jump+Z-Drop(Behind)","Key","Number","Move","Reflector Active","Hitbox","Damage Mult","Speed Mult","Break Threshold","Lifetime Mult","Notes","spot_dodges_rank","Total Frames With/Without Cancel","Intangible Start Frame","Intangible Last Frame","spot_dodges_notes","walk_speed_rank","Walk Speed","Rank","Weight"
"1","1","Jigglypuff","0.05","0.08","0.13","2",1.332,67,"5",16,35,"",1.65,1.271,13,15,"Frames 1—5","6—13","14","76",0.98,1.568,"60%",67,"4",15,30,"","12.0",0.053,41,51,29,35,"19.79","11.26","19.79",4,2,"14) F","1-23 intangible / 55 total / -26 on shield","1-33 intangible / 34 total","1-25 intangible / 45 total","1-12 intangible / 14 total",89,"4",25,63,"","5","DownB (Air)",9,"Nair",10,"Dair",6,10,12,12,4,5,"",NA,NA,NA,NA,NA,NA,NA,NA,NA,69,"21/26","3",17,"","78",0.735,"77",68
"2","2-4","Wario","0.04","0.08","0.12","8",1.271,79,"5",16,35,"",1.837,1.65,12,14,"Frames 1—5","6—12","13","35",1.61,2.576,"60%",79,"4",15,30,"","14.0",0.107,33,46,23,32,"30.5","14.7","30.5",4,2,"10) D","1-20 intangible / 55 total / -27 on shield","1-33 intangible / 34 total","1-26 intangible / 45 total","1-12 intangible / 14 total",49,"3",29,50,"","6","UpB",7,"Nair",8,"Fair",8,12,10,14,4,5,"",NA,NA,NA,NA,NA,NA,NA,NA,NA,81,"21/26","3",17,"","70",0.889,"12-16",107
"3","2-4","Peach","0.04","0.08","0.12","46-48",1.029,72,"5",16,35,"",1.826,1.595,15,17,"Frames 1—5","6—15","16","74-75",1.19,1.904,"60%",72,"4",15,30,"","12.0",0.07,41,57,28,40,"30.03","14.5","30.03",NA,NA,"11) D-","1-20 intangible / 55 total / -28 on shield","1-31 intangible / 32 total","1-26 intangible / 45 total","1-12 intangible / 14 total",79,"3",30,61,"","7","UpB",8,"Nair",9,"Bair",6,10,8,11,4,5,"",NA,NA,NA,NA,NA,NA,NA,NA,NA,73,"21/26","3",17,"","60-62",0.924,"55-56",89
"4","2-4","Daisy","0.04","0.08","0.12","46-48",1.029,62,"5",16,35,"",1.826,1.595,15,17,"Frames 1—5","6—15","16","74-75",1.19,1.904,"60%",62,"4",15,30,"","12.0",0.07,41,57,28,40,"30.03","14.5","30.03",NA,NA,"11) D-","1-20 intangible / 55 total / -28 on shield","1-31 intangible / 32 total","1-26 intangible / 45 total","1-12 intangible / 14 total",78,"3",30,61,"","7","UpB",8,"Nair",9,"Bair",6,10,8,11,4,5,"",NA,NA,NA,NA,NA,NA,NA,NA,NA,63,"21/26","3",17,"","60-62",0.924,"55-56",89
"5","5","Palutena","0.01","0.105","0.115","55-56",1,47,"5",16,34,"",2.035,2.077,10,12,"Frames 1—5","6—10","11","42-45",1.55,2.48,"60%",47,"4",15,29,"","13.0",0.12,34,50,24,35,"35.9","17.3","35.9",4,2,"09) C-","1-25 intangible / 55 total / -23 on shield","1-33 intangible / 34 total","1-25 intangible / 45 total","1-12 intangible / 14 total",43,"3",30,49,"","8","Nair",11,"Bair",12,"Fair",7,11,7,9,4,5,"",23,"Reflect Barrier","7-34 (Detection), 1-45 (Reflect Barrier)","1 - 10 (Reflect Barrier Windbox)","1.4x","1.25x","50%","1.0x","",48,"20/25","3",17,"","16",1.271,"50-51",91
"6","6-7","Rosalina","0.01","0.1","0.11","41-44",1.05,NA,NA,NA,NA,NA,NA,NA,NA,NA,NA,NA,NA,"73",1.2,1.92,"60%",NA,NA,NA,NA,NA,NA,0.062,50,71,36,49,NA,NA,NA,4,2,"07) B-","1-21 intangible / 55 total / -27 on shield","1-33 intangible / 34 total","1-25 intangible / 45 total","1-12 intangible / 14 total",NA,NA,NA,NA,NA,NA,NA,NA,NA,NA,NA,NA,NA,NA,NA,NA,NA,NA,NA,NA,NA,NA,NA,NA,NA,NA,NA,NA,NA,NA,NA,NA,"38",1.138,"64-65",82
"7","6-7","Mega Man","0.01","0.1","0.11","19-24",1.155,38,"5",16,34,"",1.958,1.602,10,12,"Frames 1—5","6—10","11","10-15",1.8,2.88,"60%",38,"4",15,29,"","12.5",0.107,29,47,19,33,"32.8","11.49","32.8",4,2,"12) E","1-26 intangible / 55 total / -22 on shield","1-33 intangible / 34 total","1-28 intangible / 45 total","1-12 intangible / 14 total",26,"3",25,45,"","7","Bair",8,"Usmash",10,"Nair",6,10,11,11,4,5,"",NA,NA,NA,NA,NA,NA,NA,NA,NA,39,"20/25","3",17,"","41",1.132,"25",102
"8","8","Squirtle","0.01","0.095","0.105","53",1.01,13,"4",15,33,"",1.936,1.76,10,12,NA,NA,NA,"60-63",1.35,2.16,"60%",13,"4",14,28,"",NA,0.128,34,51,24,37,"35.35","17.03","35.35",4,2,"18) H","1-30 intangible / 55 total / -18 on shield","1-33 intangible / 34 total","1-23 intangible / 45 total","1-10 intangible / 12 total",16,"2",25,53,"",NA,NA,NA,NA,NA,NA,NA,NA,NA,NA,NA,NA,NA,NA,NA,NA,NA,NA,NA,NA,NA,NA,13,"19/24","3",16,"","15",1.281,"75-76",75
"9","9-13","Mr. Game & Watch","0.07","0.03","0.1","17",1.176,71,"5",16,35,"",1.98,1.679,8,10,"Frames 1—5","6—8","9","71",1.24,1.984,"60%",71,"4",15,30,"","12.5",0.08,36,51,25,36,"27.51","13.26","27.51",4,2,"16) G","1-26 intangible / 55 total / -22 on shield","1-33 intangible / 34 total","1-29 intangible / 45 total","1-12 intangible / 14 total",76,"3",28,59,"","3","UpB",5,"DownB (Air)",10,"Nair",6,10,11,11,4,5,"",10,"Oil Panic","6 -","N/A","1.0x","0.8x","50%","0.8x","Each unit caps at 16% (Absorber)",61,"21/25","3",17,"","32",1.18,"75-76",75
"10","9-13","Pichu","0.01","0.09","0.1","46-48",1.029,10,"4",15,33,"",1.98,1.892,10,12,"Frames 1—5","6—10","11","41",1.9,2.5,"31.579%",10,"4",14,28,"","12.0",0.14,31,45,23,34,"36.75","17.43","36.02",3,2,"13) E-","1-23 intangible / 55 total / -25 on shield","1-33 intangible / 34 total","1-29 intangible / 45 total","1-10 intangible / 12 total",4,"2",26,42,"","6","Nair",7,"Uair",8,"Bair",6,10,13,10,4,5,"",NA,NA,NA,NA,NA,NA,NA,NA,NA,10,"19/24","3",16,"","12-13",1.302,"78",62
"11","9-13","Falco","0.01","0.09","0.1","60",0.977,25,"5",16,34,"",2.035,1.619,11,13,"Frames 1—5","6—11","12","10-15",1.8,2.88,"60%",25,"4",15,29,"","12.0",0.13,32,57,23,41,"50.51","17.34","50.51",5,2,"14) F","1-22 intangible / 55 total / -26 on shield","1-33 intangible / 34 total","1-27 intangible / 45 total","1-12 intangible / 14 total",5,"2",27,43,"","6","Nair",7,"Usmash",10,"Fair, Uair",6,10,9,12,4,5,"",8,"Reflector","1 - 32","5 - 14","1.2x","1.3x","50%","0.8x","",26,"20/25","3",17,"","10",1.344,"64-65",82
"12","9-13","Pikachu","0.01","0.09","0.1","62",0.957,11,"4",15,33,"",1.98,2.039,13,15,"Frames 1—5","6—13","14","42-45",1.55,2.48,"60%",11,"4",14,28,"","11.9",0.095,38,53,26,37,"35.5","17.12","35.5",4,2,"13) E-","1-25 intangible / 55 total / -23 on shield","1-31 intangible / 32 total","1-24 intangible / 45 total","1-11 intangible / 13 total",14,"2",26,50,"","6","Nair",7,"Bair, Uair",10,"Usmash",7,11,12,14,4,5,"",NA,NA,NA,NA,NA,NA,NA,NA,NA,11,"19/24","3",16,"","12-13",1.302,"69-72",79
"13","9-13","Ness","0.01","0.09","0.1","54",1.007,44,"5",16,34,"",1.826,1.609,13,15,"Frames 1—5","6—13","14","66",1.31,2.096,"60%",44,"4",15,29,"","12.0",0.077,42,58,29,41,"34.48","16.65","45.65",4,2,"16) G","1-24 intangible / 55 total / -24 on shield","1-33 intangible / 34 total","1-20 intangible / 45 total","1-12 intangible / 14 total",77,"3",30,59,"","8","Nair",10,"Usmash, DownB (Air)",11,"Fair or Uair",6,10,7,11,4,5,"",4,"FSmash","18 - 30","21 - 22","2.0x","2.5x","80%","0.5x","",45,"20/25","3",17,"","66",0.907,"41-44",94
"14","9-13","Ness","0.01","0.09","0.1","54",1.007,44,"5",16,34,"",1.826,1.609,13,15,"Frames 1—5","6—13","14","66",1.31,2.096,"60%",44,"4",15,29,"","12.0",0.077,42,58,29,41,"34.48","16.65","45.65",4,2,"16) G","1-24 intangible / 55 total / -24 on shield","1-33 intangible / 34 total","1-20 intangible / 45 total","1-12 intangible / 14 total",77,"3",30,59,"","8","Nair",10,"Usmash, DownB (Air)",11,"Fair or Uair",6,10,7,11,4,5,"",5,"PSI Magnet","7 -","7 - 12 (repeats every 20 frames)","1.6x","N/A","30%","N/A","",45,"20/25","3",17,"","66",0.907,"41-44",94
"15","14","Yoshi","0.03","0.068","0.098","1",1.344,80,"5",16,35,"",1.98,2.046,14,16,"Frames 1—5","6—14","15","70",1.29,2.064,"60%",80,"4",15,30,"","26.0 ~",0.08,38,60,26,42,"36.09","14.43","51.56",4,2,"14) F","1-22 intangible / 55 total / -26 on shield","1-32 intangible / 33 total","1-22 intangible / 45 total","1-12 intangible / 14 total",75,"3",30,58,"","6","Nair",8,"Uair",11,"Usmash",14,18,8,7,4,5,"",NA,NA,NA,NA,NA,NA,NA,NA,NA,82,"21/26","3",17,"","26-30",1.208,"19-22",104
"16","15-19","Kirby","0.03","0.065","0.095","74",0.84,69,"5",16,35,"",1.9,1.727,12,14,"Frames 1—5","6—12","13","72",1.23,1.968,"60%",69,"4",15,30,"","12.5",0.064,39,53,26,36,"25.37","12.24","22",4,2,"12) E","1-22 intangible / 55 total / -26 on shield","1-32 intangible / 33 total","1-22 intangible / 45 total","1-12 intangible / 14 total",80,"3",29,62,"","9","Bair",12,"Usmash",13,"Nair, Fair, Uair",6,10,8,11,4,5,"",NA,NA,NA,NA,NA,NA,NA,NA,NA,71,"21/26","3",17,"","56",0.977,"69-72",79
"17","15-19","Zero Suit Samus","0.01","0.085","0.095","9",1.26,6,"4",14,32,"",2.42,2.31,12,14,"Frames 1—5","6—12","13","23-25",1.7,2.72,"60%",6,"4",12,26,"","37.0",0.12,38,55,27,39,"44.5","21.35","44.2",4,2,"08) C","1-19 intangible / 55 total / -29 on shield","1-33 intangible / 34 total","1-25 intangible / 45 total","1-12 intangible / 14 total",11,"2",26,45,"","6","UpB",9,"Fair, Uair",10,"Usmash",15,19,7,9,4,5,"",NA,NA,NA,NA,NA,NA,NA,NA,NA,6,"18/23","3",14,"","5-6",1.47,"67-68",80
"18","15-19","Bayonetta","0.01","0.085","0.095","50-52",1.019,2,"(3) 7",16,36,"Bat Within on frames
            3-7",1.936,1.76,10,12,"Frames 1—5","6—10","11","17-18",1.77,2.832,"60%",1,"(2) 6",15,31,"Bat Within on frames
            2-5","12.5",0.12,38,50,27,35,"39","21.35","42",4,2,"07) B-","1-26 intangible / 55 total / -22 on shield","1-33 intangible / 34 total","1-21 intangible / 45 total","1-12 intangible / 14 total",1,"(1) 5",31,45,"Bat Within on frames
            1-4","6","UpB",10,"Fair, SideB (Air)",12,"Nair, Uair",7,11,10,10,4,5,"Regular: Has at least a hitbox in front, relative to model",NA,NA,NA,NA,NA,NA,NA,NA,NA,1,"20/25","2 (6)",17,"Bat Within
            on frames 2-5, Int. frame 6","57-58",0.945,"66",81
"19","15-19","Lucas","0.01","0.085","0.095","19-24",1.155,33,"5",16,34,"",1.815,1.65,10,12,"Frames 1—5","6—10","11","57",1.37,2.192,"60%",33,"4",15,29,"","22.9",0.09,34,50,23,35,"29.41","13","44.13",4,2,"19) H-","1-24 intangible / 55 total / -24 on shield","1-33 intangible / 34 total","1-20 intangible / 45 total","1-12 intangible / 14 total",67,"3",30,56,"","10","Nair, Uair",12,"Fair, Zair",13,"Dair, Jab",12,16,7,11,4,5,"",13,"FSmash","11 - 19","14 - 15","1.5x","1.5x","50%","0.7x","",34,"20/25","3",17,"","69",0.893,"41-44",94
"20","15-19","Lucas","0.01","0.085","0.095","19-24",1.155,33,"5",16,34,"",1.815,1.65,10,12,"Frames 1—5","6—10","11","57",1.37,2.192,"60%",33,"4",15,29,"","22.9",0.09,34,50,23,35,"29.41","13","44.13",4,2,"19) H-","1-24 intangible / 55 total / -24 on shield","1-33 intangible / 34 total","1-20 intangible / 45 total","1-12 intangible / 14 total",67,"3",30,56,"","10","Nair, Uair",12,"Fair, Zair",13,"Dair, Jab",12,16,7,11,4,5,"",14,"PSI Magnet","7 -","1 (after release)","2.0x","N/A","30%","N/A","",34,"20/25","3",17,"","69",0.893,"41-44",94
"21","15-19","Ivysaur","0.01","0.085","0.095","57",0.998,66,"5",16,35,"",1.903,1.595,10,12,NA,NA,NA,"55-56",1.38,2.208,"60%",66,"4",15,30,"",NA,0.082,39,54,27,38,"32.25","15.58","32.25",4,2,"15) F-","1-23 intangible / 55 total / -25 on shield","1-33 intangible / 34 total","1-20 intangible / 45 total","1-12 intangible / 14 total",65,"3",29,56,"",NA,NA,NA,NA,NA,NA,NA,NA,NA,NA,NA,NA,NA,NA,NA,NA,NA,NA,NA,NA,NA,NA,68,"21/26","3",17,"","46-47",1.103,"33-36",96
"22","20","Nana","0.0105","0.084","0.0945",NA,NA,NA,NA,NA,NA,NA,NA,NA,NA,NA,NA,NA,NA,NA,NA,NA,NA,NA,NA,NA,NA,NA,NA,NA,NA,NA,NA,NA,NA,NA,NA,NA,NA,NA,NA,NA,NA,NA,NA,NA,NA,NA,NA,NA,NA,NA,NA,NA,NA,NA,NA,NA,NA,NA,NA,NA,NA,NA,NA,NA,NA,NA,NA,NA,NA,NA,NA,NA,NA,NA,"45",1.1088,NA,NA
"23","21-29","Wolf","0.01","0.08","0.09","6-7",1.281,60,"5",16,34,"",2.09,1.54,10,12,"Frames 1—5","6—10","11","10-15",1.8,2.88,"60%",60,"4",15,29,"","12.0",0.13,30,43,21,31,"32.02","15.38","30.71",4,2,"13) E-","1-26 intangible / 55 total / -22 on shield","1-33 intangible / 34 total","1-24 intangible / 45 total","1-12 intangible / 14 total",6,"2",25,44,"","10","Nair, Fair, Uair, DownB (Air)",13,"Usmash",15,"Jab",6,10,8,11,4,5,"",17,"Reflector","9 -","6-8, 2-3 (after reflection)","1.5x","1.8x","50%","0.5x","",60,"20/25","3",17,"","26-30",1.208,"46-49",92
"24","21-29","Fox","0.01","0.08","0.09","32",1.11,3,"4",14,32,"",2.09,2.402,10,12,"Frames 1—5","6—10","11","1",2.1,3.36,"60%",3,"4",12,26,"","11.0",0.23,24,36,17,27,"35","16.4","37",4,2,"11) D-","1-21 intangible / 55 total / -27 on shield","1-33 intangible / 34 total","1-25 intangible / 45 total","1-12 intangible / 14 total",2,"2",26,38,"","6","DownB (Air)",7,"Nair",8,"Dair, Usmash",6,10,8,11,4,5,"",3,"Reflector","4 -","3","1.4x","1.4x","50%","1.0x","",3,"18/23","3",14,"","3",1.523,"74",77
"25","21-29","Sheik","0.01","0.08","0.09","19-24",1.155,5,"4",14,32,"",2.178,2.42,7,9,"Frames 1—5","6—7","8","20-21",1.75,2.8,"60%",5,"4",12,26,"","12.5",0.15,32,47,23,33,"39","18.75","40",4,2,"09) C-","1-24 intangible / 55 total / -25 on shield","1-33 intangible / 34 total","1-27 intangible / 45 total","1-12 intangible / 14 total",7,"2",26,44,"","6","Nair",7,"Bair, Uair",8,"Fair",6,10,8,11,4,5,"",NA,NA,NA,NA,NA,NA,NA,NA,NA,5,"18/23","3",14,"","5-6",1.47,"73",78
"26","21-29","Wii Fit Trainer","0.01","0.08","0.09","50-52",1.019,59,"5",16,34,"",2.024,1.866,15,17,"Frames 1—5","6—15","16","67-69",1.3,2.08,"60%",59,"4",15,29,"","11.5",0.09,39,57,29,41,"35.6","17.18","35.6",4,2,"10) D","1-21 intangible / 55 total / -27 on shield","1-33 intangible / 34 total","1-25 intangible / 45 total","1-12 intangible / 14 total",70,"3",28,57,"","5","UpB",8,"Bair",9,"Uair",6,10,10,10,4,5,"",NA,NA,NA,NA,NA,NA,NA,NA,NA,59,"20/25","3",17,"","24",1.224,"33-36",96
"27","21-29","Lucario","0.01","0.08","0.09","6-7",1.281,32,"5",16,34,"",2.255,1.705,10,12,"Frames 1—5","6—10","11","25-26",1.68,2.688,"60%",32,"4",15,29,"","13.5",0.084,41,56,28,38,"37.62","18.19","37.62",4,2,"10) D","1-20 intangible / 55 total / -28 on shield","1-33 intangible / 34 total","1-26 intangible / 45 total","1-12 intangible / 14 total",34,"3",28,48,"","7","Dair",10,"Fair",13,"Nair, Uair",7,11,8,11,4,5,"",NA,NA,NA,NA,NA,NA,NA,NA,NA,33,"20/25","3",17,"","46-47",1.103,"46-49",92
"28","21-29","Popo","0.01","0.08","0.09",NA,NA,NA,NA,NA,NA,NA,NA,NA,NA,NA,NA,NA,NA,NA,NA,NA,NA,NA,NA,NA,NA,NA,NA,NA,NA,NA,NA,NA,NA,NA,NA,NA,NA,NA,NA,NA,NA,NA,NA,NA,NA,NA,NA,NA,NA,NA,NA,NA,NA,NA,NA,NA,NA,NA,NA,NA,NA,NA,NA,NA,NA,NA,NA,NA,NA,NA,NA,NA,NA,NA,"53",1.008,NA,NA
"29","21-29","Toon Link","0.01","0.08","0.09","41-44",1.05,14,"4",15,33,"",1.914,1.906,12,14,"Frames 1—5","6—12","13","55-56",1.38,2.208,"60%",14,"4",14,28,"","28.2",0.081,40,56,28,39,"33.8","16.32","33.8",4,2,"15) F-","1-23 intangible / 55 total / -25 on shield","1-33 intangible / 34 total","1-20 intangible / 45 total","1-12 intangible / 14 total",17,"2",26,56,"","6","UpB",9,"Nair, Bair",11,"USmash",12,16,7,9,4,5,"",NA,NA,NA,NA,NA,NA,NA,NA,NA,14,"19/24","3",16,"","14",1.288,"50-51",91
"30","21-29","Samus","0.04","0.05","0.09","33-35",1.103,89,"5",20,39,"",1.87,1.654,10,12,"Frames 1—5","6—10","11","58-59",1.33,2.168,"63.008%",89,"4",18,34,"","42.2",0.075,44,61,31,43,"37","18","37",NA,NA,"05) A","1-27 intangible / 55 total / -21 on shield","1-31 intangible / 32 total","1-22 intangible / 45 total","1-12 intangible / 14 total",66,"3",29,56,"","4","UpB",8,"Uair",11,"Nair, Zair, Usmash",15,19,8,11,4,5,"",NA,NA,NA,NA,NA,NA,NA,NA,NA,78,"21/26","3",17,"","43-44",1.115,"9-11",108
"31","21-29","Dark Samus","0.04","0.05","0.09","33-35",1.103,82,"5",20,36,"",1.87,1.654,10,15,"Frames 1—5","6—10","11","58-59",1.33,2.168,"63.008%",82,"4",18,31,"","42.2",0.075,44,61,31,43,"37","18","37",NA,NA,"05) A","1-27 intangible / 55 total / -21 on shield","1-31 intangible / 32 total","1-22 intangible / 45 total","1-12 intangible / 14 total",64,"3",29,56,"","4","UpB",8,"Uair",11,"Nair, Zair, Usmash",15,19,8,11,4,5,"",NA,NA,NA,NA,NA,NA,NA,NA,NA,64,"21/26","3",17,"","43-44",1.115,"9-11",108
"32","30","R.O.B.","0.04","0.045","0.085","26-28",1.134,51,"5",16,34,"",2.002,1.725,10,12,NA,NA,NA,"36",1.6,2.56,"60%",51,"4",15,29,"",NA,0.09,40,56,28,38,"38","18.38","38",NA,NA,"06) B","1-22 intangible / 55 total / -26 on shield","1-33 intangible / 34 total","1-27 intangible / 45 total","1-12 intangible / 14 total",47,"3",27,50,"","9","Fair",10,"Uair, Usmash",14,"Jab, Dtilt",6,10,7,9,4,5,"",16,"Arm Rotor","13 - (37-?)","13-(37-?)/43 (min)","1.5x","1.3x","50%","1.0x","Reflection spins around R.O.B., following his arm. May make it inconsistent",52,"20/25","3",17,"","33",1.178,"17-18",106
"33","31-40","Greninja","0.01","0.07","0.08","10",1.239,8,"4",15,33,"",2.178,2.288,10,12,"Frames 1—5","6—10","11","9",1.85,2.96,"60%",8,"4",14,28,"","18.5",0.18,32,49,24,35,"46","22.11","46",4,2,"12) E","1-24 intangible / 55 total / -24 on shield","1-33 intangible / 34 total","1-25 intangible / 45 total","1-12 intangible / 14 total",3,"2",27,41,"","8","Bair",10,"Uair",12,"Usmash",10,14,10,14,4,5,"",NA,NA,NA,NA,NA,NA,NA,NA,NA,8,"19/24","3",16,"","4",1.502,"57-59",88
"34","31-40","Bowser Jr.","0.01","0.07","0.08","26-28",1.134,17,"5",16,34,"",1.76,1.566,10,12,"Frames 1—5","6—10","11","28-33",1.65,2.64,"60%",17,"4",15,29,"","18.0",0.092,38,52,26,36,"34.4","16.59","34.4",4,2,"10) D","1-26 intangible / 55 total / -21 on shield","1-33 intangible / 34 total","1-27 intangible / 45 total","1-12 intangible / 14 total",35,"3",30,48,"","7","Usmash",9,"Uair",10,"Nair",11,15,8,11,4,5,"Pink bold: Hits only above (first), relative to model",NA,NA,NA,NA,NA,NA,NA,NA,NA,18,"20/25","3",17,"","60-62",0.924,"9-11",108
"35","31-40","Robin","0.01","0.07","0.08","41-44",1.05,74,"5",16,35,"",1.815,1.265,16,18,"Frames 1—5","6—16","17","47-49",1.5,2.4,"60%",74,"4",15,30,"","13.0",0.089,38,52,26,36,"33.21","16.02","33.21",4,2,"08) C","1-27 intangible / 55 total / -21 on shield","1-33 intangible / 34 total","1-25 intangible / 45 total","1-12 intangible / 14 total",52,"3",30,51,"","8","UpB",10,"Nair",12,"Back Air or Usmash",7,11,10,14,4,5,"",NA,NA,NA,NA,NA,NA,NA,NA,NA,75,"21/26","3",17,"","59",0.936,"37-40",95
"36","31-40","Inkling","0.01","0.07","0.08","12-16",1.208,28,"5",16,34,"",2.118,1.925,10,12,"Frames 1—5","6—10","11","37-40",1.58,2.528,"60%",28,"4",15,29,"","12.0",0.087,40,52,27,36,"33","17.54","36.33",4,2,"12) E","1-20 intangible / 55 total / -28 on shield","1-33 intangible / 34 total","1-26 intangible / 45 total","1-12 intangible / 14 total",48,"3",29,50,"","9","Nair, Usmash",10,"Bair",12,"UpB",8,12,8,11,4,5,"",NA,NA,NA,NA,NA,NA,NA,NA,NA,29,"20/25","3",17,"","39-40",1.134,"41-44",94
"37","31-40","Mario","0.01","0.07","0.08","12-16",1.208,36,"5",16,34,"",1.936,1.76,10,12,"Frames 1—5","6—10","11","47-49",1.5,2.4,"60%",36,"4",15,29,"","12.0",0.087,40,56,28,39,"36.33","17.54","36.33",4,2,"15) F-","1-26 intangible / 55 total / -22 on shield","1-33 intangible / 34 total","1-25 intangible / 45 total","1-12 intangible / 14 total",57,"3",29,52,"","3","UpB",6,"Nair",7,"Uair",6,10,8,11,4,5,"",2,"Cape","9 - 20","12 - 14","1.5x","1.0x","50%","0.75x","Searchbox on 6-8 that speeds up the animation to reflect instantly (Hitbox is sped up too)",37,"20/25","3",17,"","34-36",1.155,"28-30",98
"38","31-40","Duck Hunt","0.01","0.07","0.08","19-24",1.155,24,"5",16,34,"",1.76,1.793,10,12,"Frames 1—5","6—10","11","28-33",1.65,2.64,"60%",24,"4",15,29,"","14.5",0.076,41,55,28,37,"34","16.48","33.8",4,2,"10) D","1-20 intangible / 55 total / -28 on shield","1-33 intangible / 34 total","1-23 intangible / 45 total","1-10 intangible / 12 total",37,"3",27,49,"","9","Nair, Uair",10,"Fair, Bair",12,"Usmash",6,10,6,11,4,5,"",NA,NA,NA,NA,NA,NA,NA,NA,NA,25,"20/25","3",17,"","25",1.213,"61-62",86
"39","31-40","Marth","0.01","0.07","0.08","39-40",1.071,37,"5",16,34,"",2.255,1.964,10,12,"Frames 1—5","6—10","11","37-40",1.58,2.528,"60%",37,"4",15,29,"","14.5",0.075,41,55,28,38,"33.66","16.26","33.66",NA,NA,"06) B","1-25 intangible / 55 total / -23 on shield","1-33 intangible / 34 total","1-27 intangible / 45 total","1-12 intangible / 14 total",58,"3",29,52,"","5","UpB",8,"Uair",9,"Nair, Fair",6,10,10,14,4,5,"",NA,NA,NA,NA,NA,NA,NA,NA,NA,38,"20/25","3",17,"","1-2",1.575,"52-54",90
"40","31-40","Lucina","0.01","0.07","0.08","39-40",1.071,34,"5",16,34,"",2.255,1.964,10,12,"Frames 1—5","6—10","11","37-40",1.58,2.528,"60%",34,"4",15,29,"","14.5",0.075,41,55,28,38,"33.66","16.26","33.66",NA,NA,"06) B","1-25 intangible / 55 total / -23 on shield","1-33 intangible / 34 total","1-27 intangible / 45 total","1-12 intangible / 14 total",56,"3",29,52,"","5","UpB",8,"Uair",9,"Nair, Fair",6,10,10,14,4,5,"",NA,NA,NA,NA,NA,NA,NA,NA,NA,35,"20/25","3",17,"","1-2",1.575,"52-54",90
"41","31-40","Olimar","0.01","0.07","0.08","73",0.861,45,"5",16,34,"",1.606,1.617,10,12,"Frames 1—5","6—10","11","60-63",1.35,2.16,"60%",45,"4",15,29,"",NA,0.068,43,59,30,41,"33.5","16.19","33.5",4,2,"11) D-","1-21 intangible / 55 total / -27 on shield","1-33 intangible / 34 total","1-27 intangible / 45 total","1-12 intangible / 14 total",71,"3",30,57,"","10","Nair, Fair",11,"Uair",12,"Dair, Usmash",12,16,8,11,4,5,"",NA,NA,NA,NA,NA,NA,NA,NA,NA,46,"20/25","3",17,"","57-58",0.945,"69-72",79
"42","31-40","Pac-Man","0.01","0.07","0.08","37-38",1.092,NA,NA,NA,NA,NA,1.87,1.672,10,12,NA,NA,NA,"60-63",1.35,2.16,"60%",NA,NA,NA,NA,NA,NA,0.072,42,59,29,41,"34.1","16.48","34.1",4,2,"05) A","1-22 intangible / 55 total / -26 on shield","1-30 intangible / 31 total","1-27 intangible / 45 total","1-12 intangible / 14 total",NA,NA,NA,NA,NA,NA,NA,NA,NA,NA,NA,NA,NA,NA,NA,NA,NA,NA,NA,NA,NA,NA,NA,NA,NA,NA,NA,NA,NA,NA,NA,NA,"49",1.097,"37-40",95
"43","41-45","Captain Falcon","0.01","0.065","0.075","11",1.218,61,"5",16,35,"",1.98,2.552,15,17,"Frames 1—5","6—15","16","6",1.865,2.984,"60%",61,"4",15,30,"","13.0",0.12,34,48,24,34,"37.31","17.98","37.31",4,2,"14) F","1-24 intangible / 55 total / -23 on shield","1-33 intangible / 34 total","1-23 intangible / 45 total","1-12 intangible / 14 total",20,"3",30,42,"","10","Nair, Uair",13,"Bair",14,"UpB, Jab",6,10,8,11,4,5,"Blue bold: Left in helpless/freefall state",NA,NA,NA,NA,NA,NA,NA,NA,NA,62,"21/26","3",17,"","55",0.987,"19-22",104
"44","41-45","Meta Knight","0.01","0.065","0.075","45",1.04,9,"4",15,33,"",2.211,2.09,12,14,"Frames 1—5","6—12","13","27",1.66,2.656,"60%",9,"4",14,28,"","11.5",0.11,NA,NA,NA,NA,"32","13.92","28.93",4,2,NA,NA,NA,NA,NA,12,"2",26,47,"","7","Dair",8,"Usmash, UpB",9,"Nair, Uair",7,11,8,11,4,5,"",NA,NA,NA,NA,NA,NA,NA,NA,NA,9,"19/24","3",16,"","23",1.239,"67-68",80
"45","41-45","Pit","0.01","0.065","0.075","66-67",0.935,49,"5",16,34,"",2.09,1.828,12,14,"Frames 1—5","6—12","13","50-51",1.48,2.368,"60%",49,"4",15,29,"","13.0",0.081,38,52,26,37,"31","14.96","31",NA,NA,"07) B-","1-27 intangible / 55 total / -21 on shield","1-33 intangible / 34 total","1-26 intangible / 45 total","1-12 intangible / 14 total",60,"3",29,52,"","6","Usmash",7,"Nair",13,"Dair",6,10,8,11,4,5,"",NA,NA,NA,NA,NA,NA,NA,NA,NA,50,"20/25","3",17,"","20-21",1.259,"33-36",96
"46","41-45","Dark Pit","0.01","0.065","0.075","66-67",0.935,22,"5",16,34,"",2.09,1.828,12,14,"Frames 1—5","6—12","13","50-51",1.48,2.368,"60%",22,"4",15,29,"","13.0",0.081,38,52,26,37,"31","14.96","31",NA,NA,"07) B-","1-27 intangible / 55 total / -21 on shield","1-33 intangible / 34 total","1-26 intangible / 45 total","1-12 intangible / 14 total",54,"3",29,52,"","6","Usmash",7,"Nair",13,"Dair",6,10,8,11,4,5,"",NA,NA,NA,NA,NA,NA,NA,NA,NA,23,"20/25","3",17,"","20-21",1.259,"33-36",96
"47","41-45","Luigi","0","0.075","0.075","77",0.77,35,"5",16,34,"",1.815,1.65,10,12,"Frames 1—5","6—10","11","64-65",1.32,2.112,"60%",35,"4",15,29,"","29.8",0.083,45,67,32,47,"44","19.98","41.31",4,2,"15) F-","1-22 intangible / 55 total / -26 on shield","1-33 intangible / 34 total","1-29 intangible / 45 total","1-12 intangible / 14 total",69,"3",25,57,"","6","Nair",8,"Uair, UpB",9,"Bair, Usmash",14,18,8,11,4,5,"",NA,NA,NA,NA,NA,NA,NA,NA,NA,36,"20/25","3",17,"","39-40",1.134,"31-33",97
"48","46-49","Mewtwo","0.02","0.05","0.07","3",1.313,39,"5",16,34,"",2.255,2.255,10,12,"Frames 1—5","6—10","11","42-45",1.55,2.48,"60%",39,"4",15,29,"","14.3",0.082,41,52,29,35,"31.11","17.5","57.35",5,2,"02) S+","1-23 intangible / 55 total / -25 on shield","1-33 intangible / 34 total","1-23 intangible / 45 total","1-12 intangible / 14 total",51,"3",26,51,"","9","Usmash",10,"Nair, Fair",13,"Uair",7,11,9,11,4,5,"",9,"Confusion","10 - 33","10 - 13","1.4x","1.2x","50%","1.25x","",40,"20/25","3",17,"","17-19",1.26,"69-72",79
"49","46-49","Incineroar","0.01","0.06","0.07","72",0.88,65,"5",16,35,"",1.716,1.18,10,12,"Frames 1—5","6—10","11","19",1.76,2.816,"60%",65,"4",15,30,"","16.0",0.126,30,43,21,31,"31.6","14.4","32.8",4,2,"12) E","1-26 intangible / 55 total / -21 on shield","1-33 intangible / 34 total","1-18 intangible / 45 total","1-12 intangible / 14 total",23,"3",29,44,"","8","Nair, NeutralB (Air)",10,"Bair, Uair",11,"UpB",8,11,8,11,4,5,"",NA,NA,NA,NA,NA,NA,NA,NA,NA,67,"21/26","3",17,"","79",0.62,"6-7",116
"50","46-49","Cloud","0.01","0.06","0.07","19-24",1.155,20,"5",16,34,"",2.145,2.167,10,12,"Frames 1—5","6—10","11","25-26",1.68,2.688,"60%",20,"4",15,29,"","12.0",0.098,37,49,26,34,"32.5","17","32.5",4,2,"04) S-","1-22 intangible / 55 total / -25 on shield","1-33 intangible / 34 total","1-22 intangible / 45 total","1-12 intangible / 14 total",31,"3",30,47,"","7","UpB",8,"Nair",11,"Uair",9,13,8,11,4,5,"",NA,NA,NA,NA,NA,NA,NA,NA,NA,21,"20/25","3",17,"","34-36",1.155,"26-27",100
"51","46-49","Ridley","0.01","0.06","0.07","41-44",1.05,88,"5",17,37,"",1.8,2.2,10,12,"Frames 1—5","6—10","11","16",1.78,2.848,"60%",88,"4",16,32,"","16.5",0.09,35,51,23,34,"34","14.2","32",4,2,"04) S-","1-23 intangible / 55 total / -24 on shield","1-33 intangible / 34 total","1-19 intangible / 45 total","1-12 intangible / 14 total",30,"3",31,46,"","11","Nair",12,"Usmash",13,"Fair, Bair",8,12,8,11,4,5,"",NA,NA,NA,NA,NA,NA,NA,NA,NA,89,"23/28","3",18,"","48",1.1,"12-16",107
"52","50","Mii Brawler","0.01","0.058","0.068","25",1.15,40,"5",16,34,"",1.97,1.92,10,12,"Frames 1—5","6—10","11","23-25",1.91,3.072,"60%",40,"4",15,29,"","12.0",0.192,28,41,20,30,"35","17","35.5",4,2,"13) E-","1-25 intangible / 55 total / -23 on shield","1-33 intangible / 34 total","1-25 intangible / 45 total","1-12 intangible / 14 total",19,"3",29,40,"","3","UpB(3)",6,"Nair",8,"Usmash, UpB(2)",6,10,8,11,4,5,"",NA,NA,NA,NA,NA,NA,NA,NA,NA,41,"20/25","3",17,"","17-19",1.26,"41-44",94
"53","51","Zelda","0.01","0.055","0.065","37-38",1.092,81,"5",16,35,"",1.958,1.43,15,17,"Frames 1—5","6—15","16","60-63",1.35,2.16,"60%",81,"4",15,30,"","15.3",0.071,41,56,29,39,"31.55","15.24","31.55",4,2,"15) F-","1-26 intangible / 55 total / -25 on shield","1-33 intangible / 34 total","1-27 intangible / 45 total","1-12 intangible / 14 total",68,"3",30,56,"","6","UpB",9,"Nair, Fair, Bair, Usmash",14,"NeutralB (Air)",10,14,10,10,4,5,"",6,"Nayru's Love","4 - 40","11 - 22, 26","1.25x","1.4x","50%","0.75x","",83,"21/26","3",17,"","64",0.914,"63",85
"54","52","Hero","**","0.055","**","54",1.01,26,"5",16,34,"",1.9,1.84,10,12,"Frames 1—5","**","**","41",1.57,2.512,"60%",26,"4",15,29,"","10.3",0.094,36,47,25,33,"**","**","**",4,2,"???","1-26 intangible / 55 total / -22 on shield","1-33 intangible / 34 total","1-30 intangible / 45 total","1-12 intangible / 14 total",50,"3",30,50,"","7","Up B",9,"Uair",11,"Nair",6,10,7,9,4,5,"",27,"Bounce","1-720 (12 seconds)","N/A","1.5x","1.4x","?","1.1x","",27,"20/25","3",17,"","56",0.98,"26",101
"55","52","Dr. Mario","0.007648","0.053536","0.061184","71",0.9238784,23,"5",16,34,"",1.5375712,1.397792,10,12,"Frames 1—5","6—10","11","47-49",1.5,2.4,"60%",23,"4",15,29,"","12.0",0.087,34,51,23,35,"30.8805","17.54","36.33",4,2,"15) F-","1-26 intangible / 55 total / -21 on shield","1-33 intangible / 34 total","1-25 intangible / 45 total","1-12 intangible / 14 total",55,"3",29,52,"","3","UpB",6,"Nair",7,"Uair",6,10,8,11,4,5,"",7,"Super Sheet","9 - 22","12 - 16","1.6x","1.0x","50%","0.75x","Searchbox on 6-8 that speeds up the animation to reflect instantly (Hitbox is sped up too)",24,"20/25","3",17,"","63",0.917301,"28-30",98
"56","53-59","Young Link","0.02","0.04","0.06","61",0.966,15,"4",15,33,"",2.09,1.749,12,14,"Frames 1—5","6—12","13","10-15",1.8,2.88,"60%",15,"4",14,28,"","29.5",0.096,36,49,24,34,"33.66","16.26","33.66",4,2,"19) H-","1-23 intangible / 55 total / -25 on shield","1-31 intangible / 32 total","1-26 intangible / 45 total","1-12 intangible / 14 total",10,"2",26,45,"","7","Nair",8,"Uair",9,"UpB",12,16,8,10,4,5,"",NA,NA,NA,NA,NA,NA,NA,NA,NA,15,"19/24","3",16,"","17-19",1.26,"57-59",88
"57","53-59","Charizard","0.01","0.05","0.06","33-35",1.103,84,"5",17,37,"",2.288,2.2,10,12,NA,NA,NA,"46",1.52,2.432,"60%",84,"4",16,32,"",NA,0.11,33,48,24,34,"32","15.43","36",5,2,"03) S","1-26 intangible / 55 total / -21 on shield","1-33 intangible / 34 total","1-21 intangible / 45 total","1-12 intangible / 14 total",42,"3",30,49,"",NA,NA,NA,NA,NA,NA,NA,NA,NA,NA,NA,NA,NA,NA,NA,NA,NA,NA,NA,NA,NA,NA,85,"23/28","3",18,"","31",1.187,"6-7",116
"58","53-59","Mii Swordfighter","0.01","0.05","0.06","18",1.17,42,"5",16,34,"",1.74,1.58,12,14,"Frames 1—5","6—12","13","42-45",1.55,2.48,"60%",42,"4",15,29,"","12.0",0.106,30,45,20,32,"28.3","12.3","28.3",NA,NA,"08) C","1-24 intangible / 55 total / -24 on shield","1-33 intangible / 34 total","1-25 intangible / 45 total","1-12 intangible / 14 total",46,"3",25,50,"","8","UpB(3)",11,"Usmash",13,"UpB(1)",6,10,10,14,4,5,"",20,"Reversal Slash (XXX2)","6 - 21","13 - 14","1.8x","1.5x","50%","1.0x","Searchbox on 3-5 that speeds up the animation to reflect instantly (Hitbox is sped up too)",43,"20/25","3",17,"","51",1.07,"26-27",100
"59","53-59","Piranha Plant","0.01","0.05","0.06","55-56",1,48,"5",16,34,"",1.82,1.72,10,12,"Frames 1—5","6—10","11","22",1.95,2.73,"40%",48,"4",15,29,"","14.3",0.14,31,45,23,34,"37.4","17.5","38.52",4,2,"03) S","1-23 intangible / 55 total / -24 on shield","1-33 intangible / 34 total","1-25 intangible / 45 total","1-12 intangible / 14 total",21,"3",30,42,"","10","Uair or Fair",11,"Nair",12,"Dair, Usmash, NeutralB (Air)",6,10,8,11,4,5,"",NA,NA,NA,NA,NA,NA,NA,NA,NA,49,"20/25","3",17,"","74-76",0.76,"8",112
"60","53-59","Donkey Kong","0.01","0.05","0.06","12-16",1.208,63,"5",16,35,"",2.09,1.873,15,17,"Frames 1—5","6—15","16","34",1.63,2.608,"60%",63,"4",15,30,"","19.5",0.085,40,53,27,37,"34","17.3","35.5",NA,NA,"03) S","1-25 intangible / 55 total / -22 on shield","1-33 intangible / 34 total","1-28 intangible / 45 total","1-12 intangible / 14 total",87,"4",32,48,"","7","UpB (Air)",9,"Uair",10,"Bair",8,12,10,14,4,5,"",NA,NA,NA,NA,NA,NA,NA,NA,NA,65,"21/26","3",17,"","9",1.365,"3-4",127
"61","53-59","Villager","0.01","0.05","0.06","58-59",0.987,58,"5",16,34,"",1.815,1.397,13,15,"Frames 1—5","6—13","14","64-65",1.32,2.112,"60%",58,"4",15,29,"","19.0",0.078,40,56,28,39,"32.5","15.69","32.5",4,2,"14) F","1-25 intangible / 55 total / -23 on shield","1-33 intangible / 34 total","1-24 intangible / 45 total","1-12 intangible / 14 total",72,"3",30,57,"","6","Nair",9,"Uair",12,"Usmash",14,18,11,11,4,5,"",18,"Pocket","8 - 23","N/A","1.9x","1.0x","N/A","1.0x","Projectile is generated on frame 9 of the release animation. Not every projectile is active on frame 9. Projectile is reset to its base damage before the 1.9x multiplier is applied.",58,"20/25","3",17,"","50",1.092,"46-49",92
"62","53-59","Isabelle","0.01","0.05","0.06","49",1.02,29,"5",16,34,"",1.815,1.48,10,12,"Frames 1—5","6—10","11","67-69",1.3,2.08,"60%",29,"4",15,29,"","19.0",0.07,42,58,29,40,"32.5","15.69","32.5",4,2,"17) G-","1-23 intangible / 55 total / -25 on shield","1-33 intangible / 34 total","1-26 intangible / 45 total","1-12 intangible / 14 total",74,"3",30,58,"","8","Nair",9,"Uair or Usmash",13,"Fair",14,18,8,11,4,5,"",25,"Pocket","8 - 23","N/A","1.9x","1.0x","N/A","1.0x","Projectile is generated on frame 9 of the release animation. Not every projectile is active on frame 9. Projectile is reset to its base damage before the 1.9x multiplier is applied.",30,"20/25","3",17,"","37",1.14,"57-59",88
"63","60","Mii Gunner","0.01","0.043","0.053","68",0.93,41,"5",16,34,"",1.613,1.37,8,10,"Frames 1—5","6—8","9","52",1.45,2.32,"60%",41,"4",15,29,"","14.8",0.098,34,49,24,35,"30.9","14.6","32.3",4,2,"06) B","1-22 intangible / 55 total / -26 on shield","1-33 intangible / 34 total","1-22 intangible / 45 total","1-12 intangible / 14 total",59,"3",29,52,"","6","UpB(2) or Echo Reflector (air)",11,"Nair, Usmash",12,"Bair, UpB(1)",6,10,8,11,4,5,"",21,"Echo Reflector (XXX1)","4 -","3","1.5x","1.9x","50%","1.0x","",42,"20/25","3",17,"","54",1,"19-22",104
"64","60","Mii Gunner","0.01","0.043","0.053","68",0.93,41,"5",16,34,"",1.613,1.37,8,10,"Frames 1—5","6—8","9","52",1.45,2.32,"60%",41,"4",15,29,"","14.8",0.098,34,49,24,35,"30.9","14.6","32.3",4,2,"06) B","1-22 intangible / 55 total / -26 on shield","1-33 intangible / 34 total","1-22 intangible / 45 total","1-12 intangible / 14 total",59,"3",29,52,"","6","UpB(2) or Echo Reflector (air)",11,"Nair, Usmash",12,"Bair, UpB(1)",6,10,8,11,4,5,"",22,"Absorbing Vortex (XXX3)","7 -","7 - 12 (Does not repeat)","1.6x","N/A","30%","N/A","",42,"20/25","3",17,"","54",1,"19-22",104
"65","61-71","Roy","0.02","0.03","0.05","4-5",1.302,52,"5",16,34,"",2.2,2.145,10,12,"Frames 1—5","6—10","11","10-15",1.8,2.88,"60%",52,"4",15,29,"","14.2",0.114,30,44,20,31,"30.97","13","28",NA,NA,"06) B","1-25 intangible / 55 total / -22 on shield","1-33 intangible / 34 total","1-27 intangible / 45 total","1-12 intangible / 14 total",24,"3",29,44,"","8","Uair",9,"Nair, UpB",12,"Usmash",7,11,10,14,4,5,"",NA,NA,NA,NA,NA,NA,NA,NA,NA,53,"20/25","3",17,"","26-30",1.208,"37-40",95
"66","61-71","Chrom","0.02","0.03","0.05","4-5",1.302,19,"5",16,34,"",2.2,2.145,10,12,"Frames 1—5","6—10","11","10-15",1.8,2.88,"60%",19,"4",15,29,"","14.2",0.114,30,44,20,31,"30.97","13","28",NA,NA,"06) B","1-25 intangible / 55 total / -22 on shield","1-33 intangible / 34 total","1-27 intangible / 45 total","1-12 intangible / 14 total",22,"3",29,44,"","8","Uair",9,"Nair",10,"UpB",7,11,10,14,4,5,"More info in the About This tab!",NA,NA,NA,NA,NA,NA,NA,NA,NA,20,"20/25","3",17,"","26-30",1.208,"37-40",95
"67","61-71","Steve","**","**","0.05","73",0.86,56,"5",16,34,"",1.45,1.45,10,12,NA,NA,NA,"53-54",1.42,2.272,"60%",56,"4",15,29,"","31.9",0.07,33,40,22,27,NA,NA,NA,4,2,NA,NA,NA,NA,NA,62,"3",30,54,"","7",",Nair, SH Fair, SH Bair, Uair",11,"Fair",15,"Bair",13,17,8,11,4,5,"",NA,NA,NA,NA,NA,NA,NA,NA,NA,57,"20/25","3",17,"","71",0.85,"46-49",92
"68","61-71","Bowser","0.01","0.04","0.05","19-24",1.155,83,"5",17,37,"",2.255,1.971,13,15,"Frames 1—5","6—13","14","17-18",1.77,2.832,"60%",83,"4",16,32,"","20.0",0.125,31,45,22,31,"33","15.7","32.61",6,2,"01) SS","1-24 intangible / 55 total / -23 on shield","1-33 intangible / 34 total","1-24 intangible / 45 total","1-12 intangible / 14 total",84,"4",32,46,"","6","UpB",9,"SideB (Air)",11,"Nair",8,12,10,13,4,5,"Green bold: Hits only behind (first), relative to model",NA,NA,NA,NA,NA,NA,NA,NA,NA,84,"23/28","3",18,"","68",0.901,"1",135
"69","61-71","Shulk","0.01","0.04","0.05","31",1.113,54,"5",16,34,"",1.87,1.672,10,12,"Frames 1—5","6—10","11","37-40",1.58,2.528,"60%",54,"4",15,29,"","12.5",0.098,37,50,26,36,"33.5","16.8","33.5",4,2,"04) S-","1-26 intangible / 55 total / -22 on shield","1-33 intangible / 34 total","1-28 intangible / 45 total","1-12 intangible / 14 total",45,"3",30,49,"","10","UpB",16,"Nair, Jab",17,"Fair, Uair, Dair",7,11,10,13,4,5,"",NA,NA,NA,NA,NA,NA,NA,NA,NA,55,"20/25","3",17,"","34-36",1.155,"31-33",97
"70","61-71","Dedede","0.01","0.04","0.05",NA,NA,NA,NA,NA,NA,NA,NA,NA,NA,NA,NA,NA,NA,NA,NA,NA,NA,NA,NA,NA,NA,NA,NA,NA,NA,NA,NA,NA,NA,NA,NA,NA,NA,NA,NA,NA,NA,NA,NA,NA,NA,NA,NA,NA,NA,NA,NA,NA,NA,NA,NA,NA,NA,NA,NA,NA,NA,NA,NA,NA,NA,NA,NA,NA,NA,NA,NA,NA,NA,NA,NA,NA,NA,NA
"71","61-71","Link","0.01","0.04","0.05","69-70",0.924,70,"5",16,35,"",1.98,1.534,12,14,"Frames 1—5","6—12","13","5",1.6,3.04,"90%",70,"4",15,30,"","11.0",0.096,33,45,22,30,"27.8","13.38","29",5,2,"02) S+","1-22 intangible / 55 total / -26 on shield","1-33 intangible / 34 total","1-26 intangible / 45 total","1-12 intangible / 14 total",36,"3",25,49,"","7","UpB",9,"Bair",10,"Nair, Usmash",6,10,7,9,4,5,"",NA,NA,NA,NA,NA,NA,NA,NA,NA,72,"21/26","3",17,"","22",1.247,"19-22",104
"72","61-71","Ike","0.01","0.04","0.05","26-28",1.134,64,"5",16,35,"",1.815,1.507,10,12,"Frames 1—5","6—10","11","28-33",1.65,2.64,"60%",64,"4",15,30,"","11.5",0.092,37,48,26,33,"29.9","16","31",4,2,"06) B","1-21 intangible / 55 total / -26 on shield","1-33 intangible / 34 total","1-24 intangible / 45 total","1-12 intangible / 14 total",88,"4",31,49,"","10","Bair",13,"Nair",14,"Fair",7,11,11,14,4,5,"",NA,NA,NA,NA,NA,NA,NA,NA,NA,66,"21/26","3",17,"","65",0.912,"12-16",107
"73","61-71","Corrin","0.01","0.04","0.05","50-52",1.019,21,"5",16,34,"",1.892,1.595,7,9,"Frames 1—5","6—7","8","28-33",1.65,2.64,"60%",21,"4",15,29,"","11.8",0.092,37,50,26,35,"33","16","31",4,2,"07) B-","1-21 intangible / 55 total / -27 on shield","1-33 intangible / 34 total","1-25 intangible / 45 total","1-12 intangible / 14 total",40,"3",29,49,"","9","Nair",10,"Uair",12,"Fair",7,11,7,10,4,5,"If the URL has /htmlview at the end, remove it and reload for full functionality",NA,NA,NA,NA,NA,NA,NA,NA,NA,22,"20/25","3",17,"","26-30",1.208,"28-30",98
"74","61-71","Sonic","0.01","0.04","0.05","12-16",1.208,12,"4",15,33,"",2.31,3.85,10,12,"Frames 1—5","6—10","11","28-33",1.65,2.64,"60%",12,"4",14,28,"","12.0",0.09,38,53,26,37,"35","16.89","35",4,2,"12) E","1-21 intangible / 55 total / -27 on shield","1-33 intangible / 34 total","1-27 intangible / 45 total","1-12 intangible / 14 total",15,"2",26,50,"","8","Fair, Uair",9,"Nair",14,"Jab",7,11,8,11,4,5,"",NA,NA,NA,NA,NA,NA,NA,NA,NA,12,"19/24","3",16,"","7",1.444,"61-62",86
"75","61-71","King K. Rool","0.01","0.04","0.05","63",0.945,87,"5",17,37,"",1.936,1.485,10,12,"Frames 1—5","6—10","11","23-25",1.7,2.72,"60%",87,"4",16,32,"","20.0",0.105,32,48,21,34,"33","13.5","32.61",6,2,"03) S","1-26 intangible / 55 total / -21 on shield","1-33 intangible / 34 total","1-26 intangible / 45 total","1-12 intangible / 14 total",83,"4",30,46,"","6","Usmash",10,"Nair, Uair",11,"UpB",8,12,10,13,4,5,"",24,"Gut Check","5-28 (Detection), ? (Gut Check)","3 - 6","1.5x","2.0x","50%","1.0x","",88,"23/28","3",18,"","67",0.903,"2",133
"76","61-71","Diddy Kong","0","0.05","0.05","69-70",0.924,7,"4",15,33,"",2.09,2.006,10,12,"Frames 1—5","6—10","11","20-21",1.75,2.8,"60%",7,"4",14,28,"","11.5",0.125,36,51,26,36,"41.21","19.9","41.21",4,2,"08) C","1-25 intangible / 55 total / -23 on shield","1-33 intangible / 34 total","1-26 intangible / 45 total","1-12 intangible / 14 total",8,"2",27,44,"","5","Usmash",8,"Bair, UpB",9,"Fair",7,11,7,9,4,5,"",NA,NA,NA,NA,NA,NA,NA,NA,NA,7,"19/24","3",16,"","11",1.313,"52-54",90
"77","72-73","Byleth","0.01","0.043","0.053","72",0.89,18,"5",16,34,"",1.8,1.43,10,12,"Frames 1—5","??","??",NA,NA,NA,NA,18,"4",15,29,"","12.3",NA,35,45,24,31,NA,NA,NA,4,2,"???","1-26 intangible / 55 total / -22 on shield","1-33 intangible / 34 total","1-30 intangible / 45 total","1-12 intangible / 14 total",41,"3",30,49,"","9","NAir",9,"Up B",13,"UAir, USmash",6,10,8,11,4,5,"Blue bold: Left in helpless/freefall state",NA,NA,NA,NA,NA,NA,NA,NA,NA,19,"20/25","3",17,"","56",0.97,"31-33",97
"78","72-73","Little Mac","0.01","0.03","0.04","12-16",1.208,4,"4",14,32,"",2.365,2.464,15,17,"Frames 1—5","6—15","16","2-3",1.95,3.12,"60%",4,"4",12,26,"","12.9",0.09,33,44,21,29,"26","12.53","26",4,2,"16) G","1-25 intangible / 55 total / -23 on shield","1-33 intangible / 34 total","1-25 intangible / 45 total","1-12 intangible / 14 total",13,"2",26,49,"","3","UpB",5,"Nair",8,"Uair",9,13,10,11,4,5,"",NA,NA,NA,NA,NA,NA,NA,NA,NA,4,"18/23","3",14,"","8",1.386,"60",87
"79","72-73","Ganondorf","0.01","0.03","0.04","75-76",0.83,85,"5",17,37,"",1.87,1.34,15,17,"Frames 1—5","6—15","16","28-33",1.65,2.64,"60%",85,"4",16,32,"","14.0",0.108,30,41,20,29,"25.49","12.24","26",5,2,"02) S+","1-26 intangible / 55 total / -21 on shield","1-32 intangible / 33 total","1-24 intangible / 45 total","1-12 intangible / 14 total",85,"4",32,46,"","10","Nair",11,"Uair",13,"Bair",8,12,9,8,4,5,"",NA,NA,NA,NA,NA,NA,NA,NA,NA,86,"23/28","3",18,"","73",0.767,"5",118
"80","74-75","Ryu","0.01","0.025","0.035","29-30",1.12,76,"5",16,35,"",1.76,1.6,10,12,"Frames 1—5","6—10","11","53-54",1.6,2.24,"40%",76,"4",15,30,"","11.6",0.12,31,40,23,30,"26","15","29.5",NA,NA,"17) G-","1-26 intangible / 55 total / -21 on shield","1-33 intangible / 34 total","1-26 intangible / 45 total","1-12 intangible / 14 total",39,"3",27,49,"","6","UpB",7,"Nair",9,"Uair, Usmash",6,10,8,11,4,5,"",NA,NA,NA,NA,NA,NA,NA,NA,NA,77,"21/26","3",17,"","77",0.75,"23-24",103
"81","74-75","Ken","0.01","0.025","0.035","29-30",1.12,68,"5",16,35,"",1.936,1.76,10,12,"Frames 1—5","6—10","11","53-54",1.6,2.24,"40%",68,"4",15,30,"","11.6",0.12,31,40,23,30,"26","15","29.5",NA,NA,"17) G-","1-26 intangible / 55 total / -21 on shield","1-33 intangible / 34 total","1-26 intangible / 45 total","1-12 intangible / 14 total",38,"3",27,49,"","5 (flame), 6 (normal)","UpB",8,"Uair",9,"Nair, Usmash",6,10,8,11,4,5,"",NA,NA,NA,NA,NA,NA,NA,NA,NA,70,"21/26","3",17,"","72",0.825,"23-24",103
"82","76-78","Snake","0.01","0.02","0.03","58-59",0.987,78,"5",16,35,"",1.76,1.595,10,12,"Frames 1—5","6—10","11","22",1.73,2.768,"60%",78,"4",15,30,"","15.5",0.08,37,42,23,28,"21.62","13.69","34.07",4,2,"18) H","1-27 intangible / 55 total / -20 on shield","1-33 intangible / 34 total","1-25 intangible / 45 total","1-12 intangible / 14 total",86,"4",25,47,"","6","Dair",10,"Bair",11,"Usmash",8,12,8,11,4,5,"",NA,NA,NA,NA,NA,NA,NA,NA,NA,80,"21/26","3",17,"","71",0.882,"17-18",106
"83","76-78","Richter","0.01","0.02","0.03","64-65",0.94,73,"5",16,35,"",1.73,1.52,10,12,"Frames 1—5","6—10","11","7-8",1.85,2.96,"60%",73,"4",15,30,"","12.0",0.085,41,51,29,36,"30","18","29",NA,NA,"11) D-","1-23 intangible / 55 total / -25 on shield","1-33 intangible / 34 total","1-23 intangible / 45 total","1-12 intangible / 14 total",28,"3",29,46,"","6","UpB",11,"Nair",16,"Jab",10,14,8,11,4,5,"",NA,NA,NA,NA,NA,NA,NA,NA,NA,74,"21/26","3",17,"","74-76",0.76,"12-16",107
"84","76-78","Simon","0.01","0.02","0.03","64-65",0.94,77,"5",16,35,"",1.73,1.52,10,12,"Frames 1—5","6—10","11","7-8",1.85,2.96,"60%",77,"4",15,30,"","12.0",0.085,41,51,29,36,"30","18","29",NA,NA,"11) D-","1-23 intangible / 55 total / -25 on shield","1-33 intangible / 34 total","1-23 intangible / 45 total","1-12 intangible / 14 total",29,"3",29,46,"","6","UpB",11,"Nair",16,"Jab",10,14,8,11,4,5,"",NA,NA,NA,NA,NA,NA,NA,NA,NA,79,"21/26","3",17,"","74-76",0.76,"12-16",107
"85","**","Banjo & Kazooie","**","**","0.07","71",0.92,16,"5",16,34,"",1.68,2.18,10,12,"Frames ??","??","??","19",1.76,2.816,"60%",16,"4",15,29,"","13.2",0.11,36,44,25,31,"**","**","**",4,2,"???","1-26 intangible / 55 total / -21 on shield","1-33 intangible / 34 total","1-30 intangible / 45 total","1-12 intangible / 14 total",27,"3",30,45,"","9","Usmash",10,"Uair",11,"Bair",7,11,10,11,4,5,"Regular: Has at least a hitbox in front, relative to model",NA,NA,NA,NA,NA,NA,NA,NA,NA,17,"20/25","3",17,"","53",1.06,"17-18",106
"86","**","Sora","0.01","0.086","0.096","61",0.96,55,"5",16,34,"",1.78,1.58,10,12,NA,NA,NA,"52",1.44,2.304,"60%",55,"4",15,29,"","11.9",0.064,46,56,31,38,"30","17.2","40",4,2,"???","1-23 intangible / 55 total / -26 on shield","1-33 intangible / 34 total","1-30 intangible / 45 total","1-12 intangible / 14 total",61,"3",30,54,"","9","Up B",11,"NAir",13,"FAir",7,11,8,11,4,5,"",30,"Counterattack","8-25 (Detection)/? (Counter)","?","1.4x","1.8x","80%","0.5x","Reflected behind Sora",56,"20/25","3",17,"","72",0.82,"63",85
"87","**","Min Min","0.01","0.05","0.06","74",0.85,43,"5",16,34,"",1.9,1.55,10,12,"Frames 1—5","??","?","47-49",1.5,2.432,"~60%",43,"4",15,29,"","40.0 ~",0.11,34,46,24,33,"30.7","16","29",4,2,"???","1-26 intangible / 55 total / -22 on shield","1-33 intangible / 34 total","1-30 intangible / 45 total","1-12 intangible / 14 total",18,"3",30,39,"","7","USmash",10,"UAir",11,"NAir (Chakram)",18,22,8,11,4,5,"",28,"USmash","7-16 (Static), 8-16 (Leg)","8 - 10/11 - 13/14 - 16","1.8x","2.5x","80%","0.8x","",44,"20/25","3",17,"","--",1.05,"19-22",104
"88",NA,"Mythra",NA,NA,NA,"11",1.22,1,"(2) 7",19,38,"Foresight on frames 2-7",2.45,2.41,10,12,NA,NA,NA,"2-3",1.87,2.992,"60%",2,"(2) 6",18,35,"Foresight on frames 2-6","12.0",0.137,30,41,21,29,NA,NA,NA,4,2,"???","1-26 intangible / 55 total / -22 on shield","1-33 intangible / 34 total","1-30 intangible / 45 total","1-12 intangible / 14 total",9,"(2) 6",31,44,"Foresight on frames 2-5","9","Usmash",10,"UpB",11,"Nair or Fair",6,10,8,11,4,5,"",NA,NA,NA,NA,NA,NA,NA,NA,NA,2,"25/31","2 (7)",21,"Foresight
            on frames 2-6, Int.frame 7","7",1.42,"46-49",92
"89",NA,"Joker",NA,NA,NA,"36",1.1,30,"5",16,34,"",1.9,2.06,10,12,"Frames 1—5","6—10","11","4",1.63,3.097,"90%",30,"4",15,29,"","12.3",0.127,30,45,20,30,NA,NA,NA,4,2,"???","1-26 intangible / 55 total / -22 on shield","1-33 intangible / 34 total","1-24 intangible / 45 total","1-12 intangible / 14 total",32,"3",30,47,"","8","Uair",10,"Fair, Bair, Usmash",15,"Nair, NeutralB (Air), Jab",6,10,8,11,4,5,"",26,"Makarakarn","4-31 (Detection), 1-29 (Makarakarn)","N/A","1.6x","1.9x","50%","0.7x","",31,"20/25","3",17,"","42",1.12,"45",93
"90",NA,"Pyra",NA,NA,NA,"36",1.1,50,"5",16,34,"",1.69,1.38,10,12,NA,NA,NA,"35",1.62,2.592,"60%",50,"4",15,29,"","12.0",0.078,39,47,26,32,NA,NA,NA,4,2,"???","1-26 intangible / 55 total / -21 on shield","1-33 intangible / 34 total","1-30 intangible / 45 total","1-12 intangible / 14 total",44,"3",30,49,"","13","UpB",14,"Nair, Fair, Shield Drop Jab",15,"Usmash",7,11,8,11,4,5,"",NA,NA,NA,NA,NA,NA,NA,NA,NA,51,"20/25","3",17,"","60-62",0.92,"28-30",98
"91",NA,"Terry",NA,NA,NA,"63",0.95,57,"5",16,34,"",1.65,1.72,10,12,NA,NA,NA,"50-51",1.48,2.368,"60%",57,"4",15,29,"","13.7",0.09,36,46,25,32,NA,NA,NA,4,2,"???","1-26 intangible / 55 total / -21 on shield","1-33 intangible / 34 total","1-30 intangible / 45 total","1-12 intangible / 14 total",53,"3",30,51,"","7","NAir",9,"Power Dunk (Air)",10,"UpB, Usmash, FAir, UAir",6,10,8,11,4,5,"",NA,NA,NA,NA,NA,NA,NA,NA,NA,16,"20/25","3",17,"Can Cancel Into
            Spot Dodge Attack
            Frame 10-17","71",0.85,"9-11",108
"92",NA,"Kazuya",NA,NA,NA,"72",0.89,31,"5",16,34,"",1.58,1.55,10,12,NA,NA,NA,"23-25",1.7,2.72,"60%",31,"4",15,29,"","15.2",0.108,29,34,21,24,NA,NA,NA,4,2,"???","1-26 intangible / 55 total / -21 on shield","1-33 intangible / 34 total","1-30 intangible / 45 total","1-12 intangible / 14 total",33,"3",30,47,"","11","Uair",12,"Usmash, Up B",15,"Nair, Fair",7,11,8,11,7,8,"",29,"Double Dash Attack","7 - 17","13 - 15","2.4x","1.8x","80%","0.8x","Bullshit",32,"20/25","3",17,"","79",0.66,"8",113
"93",NA,"Ice Climbers",NA,NA,NA,"75-76",0.83,27,"5",16,34,"",NA,NA,NA,NA,"Frames 1—5","6—13","14","67-69",1.3,2.08,"60%",27,"4",15,29,"","10.0",0.082,41,62,29,44,"34.69","16.75","34.69",4,2,"17) G-","1-26 intangible / 55 total / -23 on shield","1-33 intangible / 34 total","1-26 intangible / 45 total","1-12 intangible / 14 total",73,"3",28,58,"","9","Nair",10,"Uair",11,"Bair",8,12,8,9,4,5,"",NA,NA,NA,NA,NA,NA,NA,NA,NA,28,"20/25","3",17,"",NA,NA,"46-49",92
"94",NA,"King Dedede",NA,NA,NA,"78",0.735,86,"5",17,37,"",1.815,1.496,10,12,"Frames 1—5","6—10","11","2-3",1.95,3.12,"60%",86,"4",16,32,"","17.0",0.097,36,48,24,32,"32.85","16.02","32.85",6,2,"08) C","1-26 intangible / 55 total / -21 on shield","1-33 intangible / 34 total","1-28 intangible / 45 total","1-12 intangible / 14 total",82,"4",32,43,"","10","Nair",13,"Uair",16,"Fair",8,12,10,14,4,5,"",15,"Inhale","12 -","12 -","1.5x","1.6x","N/A","1.0x","If King Dedede inhales a projectile, the damage is reset to the base and then the multiplier is applied, like Pocket. Only one Dedede multiplier can be applied for a projectile. If King Dedede inhales a Gordo, it multiplies its current damage by 1.2x if it wasn't inhaled prior, and by 1x if it was inhaled prior.",87,"23/28","3",18,"","52",1.029,"3-4",127
"95",NA,"Pac Man",NA,NA,NA,NA,NA,46,"5",16,34,"",NA,NA,NA,NA,NA,NA,NA,NA,NA,NA,NA,46,"4",15,29,"",NA,NA,NA,NA,NA,NA,NA,NA,NA,NA,NA,NA,NA,NA,NA,NA,63,"3",29,55,"",NA,NA,NA,NA,NA,NA,NA,NA,NA,NA,NA,NA,NA,NA,NA,NA,NA,NA,NA,NA,NA,NA,47,"20/25","3",17,"",NA,NA,NA,NA
"96",NA,"Sephiroth",NA,NA,NA,NA,NA,53,"5",16,34,"",1.92,1.86,10,12,NA,NA,NA,"10-15",1.84,2.944,"60%",53,"4",15,29,"","12.0",0.108,27,45,18,31,NA,NA,NA,4,2,"???","1-26 intangible / 55 total / -22 on shield","1-33 intangible / 34 total","1-27 intangible / 45 total","1-12 intangible / 14 total",25,"3",30,44,"","12","NAir",16,"FAir",16,"Shield Drop > Jab",7,11,8,11,4,5,"",NA,NA,NA,NA,NA,NA,NA,NA,NA,54,"20/25","3",17,"","68",0.9,"69-72",79
"97",NA,"Rosalina and Luma",NA,NA,NA,NA,NA,75,"5",16,35,"",NA,NA,NA,NA,NA,NA,NA,NA,NA,NA,NA,75,"4",15,30,"",NA,NA,NA,NA,NA,NA,NA,NA,NA,NA,NA,NA,NA,NA,NA,NA,81,"3",29,62,"",NA,NA,NA,NA,NA,NA,NA,NA,NA,NA,NA,NA,NA,NA,NA,NA,NA,NA,NA,NA,NA,NA,76,"21/26","3",17,"",NA,NA,NA,NA
"98",NA,"Rosalina & Luma",NA,NA,NA,NA,NA,NA,NA,NA,NA,NA,2.035,1.795,15,17,"Frames 1—5","6—15","16",NA,NA,NA,NA,NA,NA,NA,NA,NA,"14.0",NA,NA,NA,NA,NA,"40","19.37","40",NA,NA,NA,NA,NA,NA,NA,NA,NA,NA,NA,NA,"8","Usmash",9,"Uair",10,"Nair",7,11,8,11,4,5,"",19,"Gravitational Pull","2 - 29","N/A","N/A","N/A","N/A","N/A","",NA,NA,NA,NA,NA,NA,NA,NA,NA
"99",NA,"Ice Climbers (partner)",NA,NA,NA,NA,NA,NA,NA,NA,NA,NA,1.68,1.683,12,10,NA,NA,NA,NA,NA,NA,NA,NA,NA,NA,NA,NA,NA,NA,NA,NA,NA,NA,NA,NA,NA,NA,NA,NA,NA,NA,NA,NA,NA,NA,NA,NA,NA,NA,NA,NA,NA,NA,NA,NA,NA,NA,NA,NA,NA,NA,NA,NA,NA,NA,NA,NA,NA,NA,NA,NA,NA,NA,NA,NA,NA,NA,NA,NA
"100",NA,"Ice Climbers (leader)",NA,NA,NA,NA,NA,NA,NA,NA,NA,NA,1.68,1.53,12,10,NA,NA,NA,NA,NA,NA,NA,NA,NA,NA,NA,NA,NA,NA,NA,NA,NA,NA,NA,NA,NA,NA,NA,NA,NA,NA,NA,NA,NA,NA,NA,NA,NA,NA,NA,NA,NA,NA,NA,NA,NA,NA,NA,NA,NA,NA,NA,NA,NA,NA,NA,NA,NA,NA,NA,NA,NA,NA,NA,NA,NA,NA,NA,NA
"101",NA,"PAC-MAN",NA,NA,NA,NA,NA,NA,NA,NA,NA,NA,NA,NA,NA,NA,"Frames 1—5","6—10","11",NA,NA,NA,NA,NA,NA,NA,NA,NA,"28.2 ~",NA,NA,NA,NA,NA,NA,NA,NA,NA,NA,NA,NA,NA,NA,NA,NA,NA,NA,NA,NA,"4","UpB",6,"Nair",8,"Fair",12,16,8,11,4,5,"",NA,NA,NA,NA,NA,NA,NA,NA,NA,NA,NA,NA,NA,NA,NA,NA,NA,NA
"102",NA,"Pokemon Trainer (All)",NA,NA,NA,NA,NA,NA,NA,NA,NA,NA,NA,NA,NA,NA,"Frames 1—5","6—10","11",NA,NA,NA,NA,NA,NA,NA,NA,NA,NA,NA,NA,NA,NA,NA,NA,NA,NA,NA,NA,NA,NA,NA,NA,NA,NA,NA,NA,NA,NA,NA,NA,NA,NA,NA,NA,NA,NA,NA,NA,NA,NA,NA,NA,NA,NA,NA,NA,NA,NA,NA,NA,NA,NA,NA,NA,NA,NA,NA,NA,NA
"103",NA,"R.O.B",NA,NA,NA,NA,NA,NA,NA,NA,NA,NA,NA,NA,NA,NA,"Frames 1—5","6—10","11",NA,NA,NA,NA,NA,NA,NA,NA,NA,"14.4",NA,NA,NA,NA,NA,NA,NA,NA,4,2,NA,NA,NA,NA,NA,NA,NA,NA,NA,NA,NA,NA,NA,NA,NA,NA,NA,NA,NA,NA,NA,NA,NA,NA,NA,NA,NA,NA,NA,NA,NA,NA,NA,NA,NA,NA,NA,NA,NA,NA,NA
"104",NA,"Olimar (white +2)",NA,NA,NA,NA,NA,NA,NA,NA,NA,NA,NA,NA,NA,NA,NA,NA,NA,NA,NA,NA,NA,NA,NA,NA,NA,NA,"35.8 ~",NA,NA,NA,NA,NA,NA,NA,NA,NA,NA,NA,NA,NA,NA,NA,NA,NA,NA,NA,NA,NA,NA,NA,NA,NA,NA,NA,NA,NA,NA,NA,NA,NA,NA,NA,NA,NA,NA,NA,NA,NA,NA,NA,NA,NA,NA,NA,NA,NA,NA,NA
"105",NA,"Olimar (white +1)",NA,NA,NA,NA,NA,NA,NA,NA,NA,NA,NA,NA,NA,NA,NA,NA,NA,NA,NA,NA,NA,NA,NA,NA,NA,NA,"33.45 ~",NA,NA,NA,NA,NA,NA,NA,NA,NA,NA,NA,NA,NA,NA,NA,NA,NA,NA,NA,NA,NA,NA,NA,NA,NA,NA,NA,NA,NA,NA,NA,NA,NA,NA,NA,NA,NA,NA,NA,NA,NA,NA,NA,NA,NA,NA,NA,NA,NA,NA,NA
"106",NA,"Olimar (r/b/y +2)",NA,NA,NA,NA,NA,NA,NA,NA,NA,NA,NA,NA,NA,NA,NA,NA,NA,NA,NA,NA,NA,NA,NA,NA,NA,NA,"29.55 ~",NA,NA,NA,NA,NA,NA,NA,NA,NA,NA,NA,NA,NA,NA,NA,NA,NA,NA,NA,NA,NA,NA,NA,NA,NA,NA,NA,NA,NA,NA,NA,NA,NA,NA,NA,NA,NA,NA,NA,NA,NA,NA,NA,NA,NA,NA,NA,NA,NA,NA,NA
"107",NA,"Olimar (white)",NA,NA,NA,NA,NA,NA,NA,NA,NA,NA,NA,NA,NA,NA,NA,NA,NA,NA,NA,NA,NA,NA,NA,NA,NA,NA,"28.8 ~",NA,NA,NA,NA,NA,NA,NA,NA,NA,NA,NA,NA,NA,NA,NA,NA,NA,NA,NA,NA,NA,NA,NA,NA,NA,NA,NA,NA,NA,NA,NA,NA,NA,NA,NA,NA,NA,NA,NA,NA,NA,NA,NA,NA,NA,NA,NA,NA,NA,NA,NA
"108",NA,"Olimar (r/b/y +1)",NA,NA,NA,NA,NA,NA,NA,NA,NA,NA,NA,NA,NA,NA,NA,NA,NA,NA,NA,NA,NA,NA,NA,NA,NA,NA,"27.5 ~",NA,NA,NA,NA,NA,NA,NA,NA,NA,NA,NA,NA,NA,NA,NA,NA,NA,NA,NA,NA,NA,NA,NA,NA,NA,NA,NA,NA,NA,NA,NA,NA,NA,NA,NA,NA,NA,NA,NA,NA,NA,NA,NA,NA,NA,NA,NA,NA,NA,NA,NA
"109",NA,"Olimar (r/b/y)",NA,NA,NA,NA,NA,NA,NA,NA,NA,NA,NA,NA,NA,NA,NA,NA,NA,NA,NA,NA,NA,NA,NA,NA,NA,NA,"24.15 ~",NA,NA,NA,NA,NA,NA,NA,NA,NA,NA,NA,NA,NA,NA,NA,NA,NA,NA,NA,NA,NA,NA,NA,NA,NA,NA,NA,NA,NA,NA,NA,NA,NA,NA,NA,NA,NA,NA,NA,NA,NA,NA,NA,NA,NA,NA,NA,NA,NA,NA,NA
"110",NA,"Olimar (purple +2)",NA,NA,NA,NA,NA,NA,NA,NA,NA,NA,NA,NA,NA,NA,NA,NA,NA,NA,NA,NA,NA,NA,NA,NA,NA,NA,"23.9 ~",NA,NA,NA,NA,NA,NA,NA,NA,NA,NA,NA,NA,NA,NA,NA,NA,NA,NA,NA,NA,NA,NA,NA,NA,NA,NA,NA,NA,NA,NA,NA,NA,NA,NA,NA,NA,NA,NA,NA,NA,NA,NA,NA,NA,NA,NA,NA,NA,NA,NA,NA
"111",NA,"Olimar (purple +1)",NA,NA,NA,NA,NA,NA,NA,NA,NA,NA,NA,NA,NA,NA,NA,NA,NA,NA,NA,NA,NA,NA,NA,NA,NA,NA,"22.5 ~",NA,NA,NA,NA,NA,NA,NA,NA,NA,NA,NA,NA,NA,NA,NA,NA,NA,NA,NA,NA,NA,NA,NA,NA,NA,NA,NA,NA,NA,NA,NA,NA,NA,NA,NA,NA,NA,NA,NA,NA,NA,NA,NA,NA,NA,NA,NA,NA,NA,NA,NA
"112",NA,"Olimar (purple)",NA,NA,NA,NA,NA,NA,NA,NA,NA,NA,NA,NA,NA,NA,NA,NA,NA,NA,NA,NA,NA,NA,NA,NA,NA,NA,"19.4 ~",NA,NA,NA,NA,NA,NA,NA,NA,NA,NA,NA,NA,NA,NA,NA,NA,NA,NA,NA,NA,NA,NA,NA,NA,NA,NA,NA,NA,NA,NA,NA,NA,NA,NA,NA,NA,NA,NA,NA,NA,NA,NA,NA,NA,NA,NA,NA,NA,NA,NA,NA
"113",NA,"Pokemon Trainer (Charizard)",NA,NA,NA,NA,NA,NA,NA,NA,NA,NA,NA,NA,NA,NA,NA,NA,NA,NA,NA,NA,NA,NA,NA,NA,NA,NA,"21.4",NA,NA,NA,NA,NA,NA,NA,NA,NA,NA,NA,NA,NA,NA,NA,NA,NA,NA,NA,NA,NA,NA,NA,NA,NA,NA,NA,NA,NA,NA,NA,NA,NA,NA,NA,NA,NA,NA,NA,NA,NA,NA,NA,NA,NA,NA,NA,NA,NA,NA,NA
"114",NA,"Pokemon Trainer (Ivysaur)",NA,NA,NA,NA,NA,NA,NA,NA,NA,NA,NA,NA,NA,NA,NA,NA,NA,NA,NA,NA,NA,NA,NA,NA,NA,NA,"23.0",NA,NA,NA,NA,NA,NA,NA,NA,NA,NA,NA,NA,NA,NA,NA,NA,NA,NA,NA,NA,NA,NA,NA,NA,NA,NA,NA,NA,NA,NA,NA,NA,NA,NA,NA,NA,NA,NA,NA,NA,NA,NA,NA,NA,NA,NA,NA,NA,NA,NA,NA
"115",NA,"Pokemon Trainer (Squirtle)",NA,NA,NA,NA,NA,NA,NA,NA,NA,NA,NA,NA,NA,NA,NA,NA,NA,NA,NA,NA,NA,NA,NA,NA,NA,NA,"14.0",NA,NA,NA,NA,NA,NA,NA,NA,NA,NA,NA,NA,NA,NA,NA,NA,NA,NA,NA,NA,NA,NA,NA,NA,NA,NA,NA,NA,NA,NA,NA,NA,NA,NA,NA,NA,NA,NA,NA,NA,NA,NA,NA,NA,NA,NA,NA,NA,NA,NA,NA
"116",NA,"Metaknight",NA,NA,NA,NA,NA,NA,NA,NA,NA,NA,NA,NA,NA,NA,NA,NA,NA,NA,NA,NA,NA,NA,NA,NA,NA,NA,NA,NA,31,47,22,33,NA,NA,NA,NA,NA,"11) D-","1-27 intangible / 55 total / -21 on shield","1-33 intangible / 34 total","1-27 intangible / 45 total","1-12 intangible / 14 total",NA,NA,NA,NA,NA,NA,NA,NA,NA,NA,NA,NA,NA,NA,NA,NA,NA,NA,NA,NA,NA,NA,NA,NA,NA,NA,NA,NA,NA,NA,NA,NA,NA,NA,NA,NA
"117",NA,"DK",NA,NA,NA,NA,NA,NA,NA,NA,NA,NA,NA,NA,NA,NA,NA,NA,NA,NA,NA,NA,NA,NA,NA,NA,NA,NA,NA,NA,NA,NA,NA,NA,NA,NA,NA,5,2,NA,NA,NA,NA,NA,NA,NA,NA,NA,NA,NA,NA,NA,NA,NA,NA,NA,NA,NA,NA,NA,NA,NA,NA,NA,NA,NA,NA,NA,NA,NA,NA,NA,NA,NA,NA,NA,NA,NA,NA,NA
"118",NA,"Samus/Dark Samus",NA,NA,NA,NA,NA,NA,NA,NA,NA,NA,NA,NA,NA,NA,NA,NA,NA,NA,NA,NA,NA,NA,NA,NA,NA,NA,NA,NA,NA,NA,NA,NA,NA,NA,NA,4,2,NA,NA,NA,NA,NA,NA,NA,NA,NA,NA,NA,NA,NA,NA,NA,NA,NA,NA,NA,NA,NA,NA,NA,NA,NA,NA,NA,NA,NA,NA,NA,NA,NA,NA,NA,NA,NA,NA,NA,NA,NA
"119",NA,"Peach/Daisy",NA,NA,NA,NA,NA,NA,NA,NA,NA,NA,NA,NA,NA,NA,NA,NA,NA,NA,NA,NA,NA,NA,NA,NA,NA,NA,NA,NA,NA,NA,NA,NA,NA,NA,NA,4,2,NA,NA,NA,NA,NA,NA,NA,NA,NA,NA,NA,NA,NA,NA,NA,NA,NA,NA,NA,NA,NA,NA,NA,NA,NA,NA,NA,NA,NA,NA,NA,NA,NA,NA,NA,NA,NA,NA,NA,NA,NA
"120",NA,"Marth/Lucina",NA,NA,NA,NA,NA,NA,NA,NA,NA,NA,NA,NA,NA,NA,NA,NA,NA,NA,NA,NA,NA,NA,NA,NA,NA,NA,NA,NA,NA,NA,NA,NA,NA,NA,NA,4,2,NA,NA,NA,NA,NA,NA,NA,NA,NA,NA,NA,NA,NA,NA,NA,NA,NA,NA,NA,NA,NA,NA,NA,NA,NA,NA,NA,NA,NA,NA,NA,NA,NA,NA,NA,NA,NA,NA,NA,NA,NA
"121",NA,"Roy/Chrom",NA,NA,NA,NA,NA,NA,NA,NA,NA,NA,NA,NA,NA,NA,NA,NA,NA,NA,NA,NA,NA,NA,NA,NA,NA,NA,NA,NA,NA,NA,NA,NA,NA,NA,NA,5,2,NA,NA,NA,NA,NA,NA,NA,NA,NA,NA,NA,NA,NA,NA,NA,NA,NA,NA,NA,NA,NA,NA,NA,NA,NA,NA,NA,NA,NA,NA,NA,NA,NA,NA,NA,NA,NA,NA,NA,NA,NA
"122",NA,"Pit/Dark Pit",NA,NA,NA,NA,NA,NA,NA,NA,NA,NA,NA,NA,NA,NA,NA,NA,NA,NA,NA,NA,NA,NA,NA,NA,NA,NA,NA,NA,NA,NA,NA,NA,NA,NA,NA,5,2,NA,NA,NA,NA,NA,NA,NA,NA,NA,NA,NA,NA,NA,NA,NA,NA,NA,NA,NA,NA,NA,NA,NA,NA,NA,NA,NA,NA,NA,NA,NA,NA,NA,NA,NA,NA,NA,NA,NA,NA,NA
"123",NA,"Ryu/Ken",NA,NA,NA,NA,NA,NA,NA,NA,NA,NA,NA,NA,NA,NA,NA,NA,NA,NA,NA,NA,NA,NA,NA,NA,NA,NA,NA,NA,NA,NA,NA,NA,NA,NA,NA,4,2,NA,NA,NA,NA,NA,NA,NA,NA,NA,NA,NA,NA,NA,NA,NA,NA,NA,NA,NA,NA,NA,NA,NA,NA,NA,NA,NA,NA,NA,NA,NA,NA,NA,NA,NA,NA,NA,NA,NA,NA,NA
"124",NA,"Simon/Richter",NA,NA,NA,NA,NA,NA,NA,NA,NA,NA,NA,NA,NA,NA,NA,NA,NA,NA,NA,NA,NA,NA,NA,NA,NA,NA,NA,NA,NA,NA,NA,NA,NA,NA,NA,4,2,NA,NA,NA,NA,NA,NA,NA,NA,NA,NA,NA,NA,NA,NA,NA,NA,NA,NA,NA,NA,NA,NA,NA,NA,NA,NA,NA,NA,NA,NA,NA,NA,NA,NA,NA,NA,NA,NA,NA,NA,NA
"125",NA,"Mii Sword Fighter",NA,NA,NA,NA,NA,NA,NA,NA,NA,NA,NA,NA,NA,NA,NA,NA,NA,NA,NA,NA,NA,NA,NA,NA,NA,NA,NA,NA,NA,NA,NA,NA,NA,NA,NA,5,2,NA,NA,NA,NA,NA,NA,NA,NA,NA,NA,NA,NA,NA,NA,NA,NA,NA,NA,NA,NA,NA,NA,NA,NA,NA,NA,NA,NA,NA,NA,NA,NA,NA,NA,NA,NA,NA,NA,NA,NA,NA
"126",NA,"Steve (Wood)",NA,NA,NA,NA,NA,NA,NA,NA,NA,NA,NA,NA,NA,NA,NA,NA,NA,NA,NA,NA,NA,NA,NA,NA,NA,NA,NA,NA,NA,NA,NA,NA,NA,NA,NA,NA,NA,"???","1-26 intangible / 55 total / -22 on shield","1-33 intangible / 34 total","1-30 intangible / 45 total","1-12 intangible / 14 total",NA,NA,NA,NA,NA,NA,NA,NA,NA,NA,NA,NA,NA,NA,NA,NA,NA,NA,NA,NA,NA,NA,NA,NA,NA,NA,NA,NA,NA,NA,NA,NA,NA,NA,NA,NA
"127",NA,"P.T. [Squirtle]",NA,NA,NA,NA,NA,NA,NA,NA,NA,NA,NA,NA,NA,NA,NA,NA,NA,NA,NA,NA,NA,NA,NA,NA,NA,NA,NA,NA,NA,NA,NA,NA,NA,NA,NA,NA,NA,NA,NA,NA,NA,NA,NA,NA,NA,NA,NA,"7","Nair",8,"Fair, Bair, Uair",9,"UpB, Dair",6,10,8,11,4,5,"",NA,NA,NA,NA,NA,NA,NA,NA,NA,NA,NA,NA,NA,NA,NA,NA,NA,NA
"128",NA,"P.T. [Ivysaur]",NA,NA,NA,NA,NA,NA,NA,NA,NA,NA,NA,NA,NA,NA,NA,NA,NA,NA,NA,NA,NA,NA,NA,NA,NA,NA,NA,NA,NA,NA,NA,NA,NA,NA,NA,NA,NA,NA,NA,NA,NA,NA,NA,NA,NA,NA,NA,"10","Nair, Bair, NeutralB (Air)",14,"Dair",15,"Uair, UpB, Dtilt",13,17,8,11,4,5,"",NA,NA,NA,NA,NA,NA,NA,NA,NA,NA,NA,NA,NA,NA,NA,NA,NA,NA
"129",NA,"P.T. [Charizard]",NA,NA,NA,NA,NA,NA,NA,NA,NA,NA,NA,NA,NA,NA,NA,NA,NA,NA,NA,NA,NA,NA,NA,NA,NA,NA,NA,NA,NA,NA,NA,NA,NA,NA,NA,NA,NA,NA,NA,NA,NA,NA,NA,NA,NA,NA,NA,"6","Usmash",9,"UpB",11,"Nair, Fair",8,12,10,14,4,5,"",NA,NA,NA,NA,NA,NA,NA,NA,NA,NA,NA,NA,NA,NA,NA,NA,NA,NA
"130",NA,"Rosa (no Luma)",NA,NA,NA,NA,NA,NA,NA,NA,NA,NA,NA,NA,NA,NA,NA,NA,NA,NA,NA,NA,NA,NA,NA,NA,NA,NA,NA,NA,NA,NA,NA,NA,NA,NA,NA,NA,NA,NA,NA,NA,NA,NA,NA,NA,NA,NA,NA,"8","Usmash",11,"Uair",12,"Bair",7,11,8,11,4,5,"",NA,NA,NA,NA,NA,NA,NA,NA,NA,NA,NA,NA,NA,NA,NA,NA,NA,NA
"131",NA,"Pit & Dark Pit",NA,NA,NA,NA,NA,NA,NA,NA,NA,NA,NA,NA,NA,NA,NA,NA,NA,NA,NA,NA,NA,NA,NA,NA,NA,NA,NA,NA,NA,NA,NA,NA,NA,NA,NA,NA,NA,NA,NA,NA,NA,NA,NA,NA,NA,NA,NA,NA,NA,NA,NA,NA,NA,NA,NA,NA,NA,NA,NA,NA,11,"Upperdash/Electroshock Arm","19 - 35, 1 - 5 (A)/16 - 35, 1 - 4(G)","19 - 35, 2 - 5 (A)/16 - 35, 2 - 4(G)","1.0x","1.0x","50%","?","Reflected at a 50 degree angle, does not give ownership to Pit(too)",NA,NA,NA,NA,NA,NA,NA,NA,NA
"132",NA,"Pit & Dark Pit",NA,NA,NA,NA,NA,NA,NA,NA,NA,NA,NA,NA,NA,NA,NA,NA,NA,NA,NA,NA,NA,NA,NA,NA,NA,NA,NA,NA,NA,NA,NA,NA,NA,NA,NA,NA,NA,NA,NA,NA,NA,NA,NA,NA,NA,NA,NA,NA,NA,NA,NA,NA,NA,NA,NA,NA,NA,NA,NA,NA,12,"Guardian Orbitars","7 - (21-106)","7 - (21-106)","1.5x","1.7x","50%","0.7x","",NA,NA,NA,NA,NA,NA,NA,NA,NA
